<?xml version="1.0" encoding="UTF-8"?>
<project xmlns="http://www.netbeans.org/ns/project/1">
    <type>org.netbeans.modules.ant.freeform</type>
    <configuration>
        <general-data xmlns="http://www.netbeans.org/ns/freeform-project/1">
            <!--Do not use Project Properties customizer when editing this file manually.-->
            <name>jxta-hol</name>
            <folders>
                <source-folder>
                    <label>src/configuration</label>
                    <type>java</type>
                    <location>src/configuration</location>
                </source-folder>
                <source-folder>
                    <label>src/connect</label>
                    <type>java</type>
                    <location>src/connect</location>
                </source-folder>
                <source-folder>
                    <label>src/profile</label>
                    <type>java</type>
                    <location>src/profile</location>
                </source-folder>
                <source-folder>
                    <label>src/search</label>
                    <type>java</type>
                    <location>src/search</location>
                </source-folder>
                <source-folder>
                    <label>src/share</label>
                    <type>java</type>
                    <location>src/share</location>
                </source-folder>
                <source-folder>
                    <label>src/abstractconfigurator</label>
                    <type>java</type>
                    <location>src/abstractconfigurator</location>
                </source-folder>
                <source-folder>
                    <label>src/authentication</label>
                    <type>java</type>
                    <location>src/authentication</location>
                </source-folder>
                <source-folder>
                    <label>src/securesocket</label>
                    <type>java</type>
                    <location>src/securesocket</location>
                </source-folder>
            </folders>
            <ide-actions>
                <action name="build">
                    <target>compile</target>
                </action>
                <action name="clean">
                    <target>clean</target>
                </action>
                <action name="run">
                    <target>run</target>
                </action>
                <action name="rebuild">
                    <target>clean</target>
                    <target>compile</target>
                </action>
            </ide-actions>
            <view>
                <items>
                    <source-folder style="packages">
                        <label>src/configuration</label>
                        <location>src/configuration</location>
                    </source-folder>
                    <source-folder style="packages">
                        <label>src/connect</label>
                        <location>src/connect</location>
                    </source-folder>
                    <source-folder style="packages">
                        <label>src/profile</label>
                        <location>src/profile</location>
                    </source-folder>
                    <source-folder style="packages">
                        <label>src/search</label>
                        <location>src/search</location>
                    </source-folder>
                    <source-folder style="packages">
                        <label>src/share</label>
                        <location>src/share</location>
                    </source-folder>
                    <source-folder style="packages">
                        <label>src/abstractconfigurator</label>
                        <location>src/abstractconfigurator</location>
                    </source-folder>
                    <source-folder style="packages">
                        <label>src/authentication</label>
                        <location>src/authentication</location>
                    </source-folder>
                    <source-folder style="packages">
                        <label>src/securesocket</label>
                        <location>src/securesocket</location>
                    </source-folder>
                    <source-file>
                        <location>build.xml</location>
                    </source-file>
                </items>
                <context-menu>
                    <ide-action name="build"/>
                    <ide-action name="clean"/>
                    <ide-action name="run"/>
                    <ide-action name="rebuild"/>
                </context-menu>
            </view>
            <subprojects/>
        </general-data>
        <java-data xmlns="http://www.netbeans.org/ns/freeform-project-java/1">
            <compilation-unit>
                <package-root>src/configuration</package-root>
                <package-root>src/connect</package-root>
                <package-root>src/profile</package-root>
                <package-root>src/search</package-root>
                <package-root>src/share</package-root>
                <package-root>src/abstractconfigurator</package-root>
                <package-root>src/authentication</package-root>
                <package-root>src/securesocket</package-root>
                <classpath mode="compile">lib/jxta.jar:lib/jxtaext.jar</classpath>
                <source-level>1.5</source-level>
            </compilation-unit>
        </java-data>
    </configuration>
</project>
